{
  "allegro_joint_positions": [
    -0.2586834728717804,
    0.1919446587562561,
    0.6306407451629639,
    0.8647999167442322,
    1.3438044786453247,
    0.0877915471792221,
    1.005055546760559,
    -0.0012035073013976216,
    0.1212611272931099,
    0.13115932047367096,
    -0.08655652403831482,
    0.00021240867499727756,
    0.20636799931526184,
    0.1929856836795807,
    -0.12948958575725555,
    -0.0008852225146256387
  ],
  "cube_pose_base_link_quat_xyzw": [
    0.06861996650695801,
    0.059605661779642105,
    0.043967872858047485,
    -0.3014356195926666,
    -0.7208585739135742,
    -0.4060192406177521,
    0.4739703834056854
  ]
}