{
  "allegro_joint_positions": [
    -0.1961580216884613,
    -0.010528884828090668,
    -0.15278524160385132,
    0.001220058766193688,
    1.3489768505096436,
    0.5343046188354492,
    0.712173342704773,
    0.0030652473215013742,
    -0.2856117784976959,
    -0.037326473742723465,
    -0.07279755175113678,
    0.0023826041724532843,
    0.37025365233421326,
    0.8167086243629456,
    0.4808359444141388,
    0.3406095504760742
  ],
  "cube_pose_base_link_quat_xyzw": [
    0.07532757520675659,
    -0.014565412886440754,
    0.013484776020050049,
    -0.6514153480529785,
    -0.015288427472114563,
    -0.7279289960861206,
    0.21341019868850708
  ]
}