{
  "allegro_joint_positions": [
    -0.3135130703449249,
    0.2016119807958603,
    -0.1168246939778328,
    -0.0001577607326908037,
    1.3840696811676025,
    0.36176422238349915,
    1.0911270380020142,
    -2.9593491490231827e-05,
    0.3631258010864258,
    0.1453273743391037,
    0.6688705086708069,
    0.546920120716095,
    0.47000008821487427,
    0.6353355646133423,
    0.11694350093603134,
    0.6461411118507385
  ],
  "cube_pose_base_link_quat_xyzw": [
    0.06485536694526672,
    0.027013050392270088,
    0.05250456929206848,
    0.126996248960495,
    0.47052302956581116,
    0.7780014276504517,
    0.396476686000824
  ]
}