{
  "allegro_joint_positions": [
    0.3212399482727051,
    0.2738889157772064,
    1.4340893030166626,
    1.4161875247955322,
    1.334158182144165,
    0.6420915126800537,
    0.8273288011550903,
    -0.0065241726115345955,
    0.4475802779197693,
    0.10638315230607986,
    1.3037344217300415,
    1.4101715087890625,
    0.4700000584125519,
    0.5345258116722107,
    0.5486043095588684,
    0.7760840654373169
  ],
  "cube_pose_base_link_quat_xyzw": [
    0.07667070627212524,
    0.013817347586154938,
    0.01803407073020935,
    -0.06369246542453766,
    0.4656551778316498,
    -0.007601280231028795,
    0.8826385736465454
  ]
}