{
  "allegro_joint_positions": [
    -0.43345484137535095,
    0.39943575859069824,
    0.41578975319862366,
    0.8048169016838074,
    1.3955808877944946,
    0.38603436946868896,
    1.0833290815353394,
    -0.001641095383092761,
    -0.17160288989543915,
    0.28586849570274353,
    -0.03712790459394455,
    0.02751469425857067,
    0.4700000286102295,
    0.4432620406150818,
    0.21712255477905273,
    1.0425031185150146
  ],
  "cube_pose_base_link_quat_xyzw": [
    0.07880893349647522,
    -7.178166561061516e-05,
    0.04938465356826782,
    -0.5931642055511475,
    -0.12599033117294312,
    -0.7937788367271423,
    0.046882692724466324
  ]
}