{
  "allegro_joint_positions": [
    -0.15074127912521362,
    0.6143132448196411,
    -0.0896681696176529,
    -0.009110802784562111,
    1.357455849647522,
    0.37359219789505005,
    0.8973858952522278,
    -0.0008570486097596586,
    0.19321270287036896,
    0.3063340187072754,
    0.6537625789642334,
    0.9486023783683777,
    0.4657534062862396,
    0.7679165601730347,
    0.0326782763004303,
    0.5595187544822693
  ],
  "cube_pose_base_link_quat_xyzw": [
    0.09185174107551575,
    0.012295142747461796,
    0.04156330227851868,
    -0.4668908417224884,
    -0.339427649974823,
    -0.7980503439903259,
    0.1729666292667389
  ]
}