{
  "allegro_joint_positions": [
    -0.21625109016895294,
    0.18048104643821716,
    0.7640398740768433,
    1.052199125289917,
    1.4000250101089478,
    0.30708590149879456,
    0.9811310172080994,
    0.0004404381907079369,
    0.11656759679317474,
    0.28646719455718994,
    0.3946986794471741,
    1.160717248916626,
    0.47000008821487427,
    0.54872065782547,
    0.5487838983535767,
    0.7530384063720703
  ],
  "cube_pose_base_link_quat_xyzw": [
    0.06640997529029846,
    0.024883901700377464,
    0.03612908720970154,
    0.2864932417869568,
    0.5148704051971436,
    0.5387229919433594,
    0.6021692156791687
  ]
}