{
  "allegro_joint_positions": [
    -0.22191978991031647,
    0.3556360602378845,
    0.4450128674507141,
    0.8488474488258362,
    1.3328450918197632,
    0.25197210907936096,
    1.009300708770752,
    -1.5649460692657158e-05,
    0.009045653976500034,
    0.2574383616447449,
    -0.08563107997179031,
    -0.0011693043634295464,
    0.47000008821487427,
    0.5839377641677856,
    0.23795843124389648,
    0.6561451554298401
  ],
  "cube_pose_base_link_quat_xyzw": [
    0.08679160475730896,
    0.004081327468156815,
    0.04815828800201416,
    0.5890610814094543,
    -0.19340234994888306,
    0.773223876953125,
    0.13314522802829742
  ]
}