{
  "allegro_joint_positions": [
    -0.13111408054828644,
    0.11128782480955124,
    1.435412883758545,
    1.516194462776184,
    1.1385878324508667,
    0.881209671497345,
    0.9248700737953186,
    0.0010238272370770574,
    0.3082374632358551,
    0.086821049451828,
    1.581403136253357,
    1.4200425148010254,
    0.47000041604042053,
    0.20899273455142975,
    1.4735280275344849,
    1.2127420902252197
  ],
  "cube_pose_base_link_quat_xyzw": [
    0.0773477554321289,
    0.01179345790296793,
    0.011114537715911865,
    0.2861931324005127,
    0.3005233407020569,
    0.6615800261497498,
    0.6245728135108948
  ]
}