{
  "allegro_joint_positions": [
    -0.2281154841184616,
    0.3839524984359741,
    0.5102802515029907,
    0.843561053276062,
    1.3985302448272705,
    0.35480085015296936,
    0.9056246876716614,
    -0.0001532036840217188,
    0.06786339730024338,
    0.24408143758773804,
    0.34231987595558167,
    1.0107464790344238,
    0.4699547290802002,
    0.5128934979438782,
    0.4856660068035126,
    0.6529091000556946
  ],
  "cube_pose_base_link_quat_xyzw": [
    0.06994006037712097,
    0.011047465726733208,
    0.037721723318099976,
    -0.5697584748268127,
    0.305630087852478,
    -0.3608381450176239,
    0.6721320748329163
  ]
}