{
  "allegro_joint_positions": [
    -0.43097221851348877,
    0.007333424407988787,
    -0.1104973778128624,
    0.00018848518084269017,
    1.3935589790344238,
    0.5202109217643738,
    0.8034953474998474,
    0.006910171825438738,
    0.2808658182621002,
    0.2465904951095581,
    0.906771183013916,
    1.1278109550476074,
    0.47000008821487427,
    0.7605395913124084,
    0.23916631937026978,
    0.6178498864173889
  ],
  "cube_pose_base_link_quat_xyzw": [
    0.07590943574905396,
    0.010546978563070297,
    0.021264225244522095,
    -0.5063003897666931,
    -0.18284066021442413,
    -0.8331930637359619,
    0.1265644133090973
  ]
}