{
  "allegro_joint_positions": [
    -0.3029298186302185,
    0.1298644244670868,
    1.2488256692886353,
    1.5233105421066284,
    1.2385998964309692,
    0.5648958683013916,
    0.7547656893730164,
    0.000985223799943924,
    0.13754154741764069,
    0.03309015929698944,
    1.476378321647644,
    1.2132138013839722,
    0.47000041604042053,
    0.27954161167144775,
    1.2561942338943481,
    0.7324321269989014
  ],
  "cube_pose_base_link_quat_xyzw": [
    0.08952933549880981,
    0.010274910368025303,
    0.020834416151046753,
    -0.4168938994407654,
    0.007353365421295166,
    -0.4509395658969879,
    0.7891762256622314
  ]
}