{
  "allegro_joint_positions": [
    -0.28009670972824097,
    0.3227311968803406,
    0.8401322960853577,
    0.5794157981872559,
    1.193312406539917,
    0.10028934478759766,
    0.8508734703063965,
    -0.0003388153272680938,
    0.3458191454410553,
    -0.17108967900276184,
    1.4421406984329224,
    1.1086300611495972,
    0.43802085518836975,
    0.7391073107719421,
    1.026893973350525,
    0.5582186579704285
  ],
  "cube_pose_base_link_quat_xyzw": [
    0.08284780383110046,
    0.0489637553691864,
    0.03710147738456726,
    0.45741990208625793,
    0.3529518246650696,
    0.6880366802215576,
    0.4390874207019806
  ]
}