{
  "allegro_joint_positions": [
    -0.1625628024339676,
    0.27981558442115784,
    1.038720726966858,
    0.9789491891860962,
    1.2359669208526611,
    0.8042792081832886,
    0.7193692326545715,
    -0.000506737211253494,
    0.17187079787254333,
    0.3104296028614044,
    0.8195052742958069,
    1.1313551664352417,
    0.4700002074241638,
    0.6002312898635864,
    0.7853419780731201,
    1.177922010421753
  ],
  "cube_pose_base_link_quat_xyzw": [
    0.09831026196479797,
    0.028408002108335495,
    0.01962912082672119,
    -0.5107199549674988,
    0.019611388444900513,
    -0.37302082777023315,
    0.7743617296218872
  ]
}