{
  "allegro_joint_positions": [
    -0.04387586936354637,
    -0.032684583216905594,
    0.6392326354980469,
    1.1588482856750488,
    1.2659788131713867,
    0.03351324424147606,
    1.1250882148742676,
    0.0001597666705492884,
    0.47000011801719666,
    -0.19941839575767517,
    -0.07864866405725479,
    -0.00023237091954797506,
    0.47000017762184143,
    -0.18459203839302063,
    -0.11647676676511765,
    -0.00015134795103222132
  ],
  "cube_pose_base_link_quat_xyzw": [
    0.053058087825775146,
    0.06860610097646713,
    0.04522833228111267,
    -0.5513674020767212,
    -0.29278263449668884,
    -0.7732617259025574,
    0.11107979714870453
  ]
}