{
  "allegro_joint_positions": [
    -0.07338491827249527,
    0.5993881821632385,
    0.5452618598937988,
    0.8443456292152405,
    1.400465726852417,
    0.4123789072036743,
    0.6884817481040955,
    0.0015343145933002234,
    0.18718351423740387,
    0.48848652839660645,
    0.6768988370895386,
    0.901263415813446,
    0.42100635170936584,
    0.8259033560752869,
    0.382030189037323,
    0.46628496050834656
  ],
  "cube_pose_base_link_quat_xyzw": [
    0.07053035497665405,
    0.03005806729197502,
    0.019799023866653442,
    0.7070920467376709,
    0.042594313621520996,
    0.7049711346626282,
    0.03496263176202774
  ]
}