{
  "allegro_joint_positions": [
    -0.12923502922058105,
    0.2537147104740143,
    0.7286947965621948,
    0.8689990043640137,
    1.1152317523956299,
    0.33159753680229187,
    0.8037487268447876,
    0.003265012288466096,
    0.1815623641014099,
    0.30187150835990906,
    0.9129884243011475,
    1.0327320098876953,
    0.4481361210346222,
    0.6766768097877502,
    0.6190709471702576,
    0.7474446892738342
  ],
  "cube_pose_base_link_quat_xyzw": [
    0.10323914885520935,
    0.028993749991059303,
    0.03393390774726868,
    -0.15357638895511627,
    0.5201568007469177,
    -0.44935908913612366,
    0.70987868309021
  ]
}