{
  "allegro_joint_positions": [
    0.0009984110947698355,
    0.22843559086322784,
    0.3165523111820221,
    1.054216980934143,
    1.2118499279022217,
    0.07159766554832458,
    1.0733534097671509,
    -0.00018379997345618904,
    0.28738516569137573,
    0.17882317304611206,
    0.7257294058799744,
    0.8189769983291626,
    0.17459926009178162,
    0.3721886873245239,
    0.014932655729353428,
    0.1204414963722229
  ],
  "cube_pose_base_link_quat_xyzw": [
    0.08465993404388428,
    0.03201807662844658,
    0.051035791635513306,
    -0.5770043730735779,
    0.03052370250225067,
    -0.7976824045181274,
    0.17273443937301636
  ]
}