{
  "allegro_joint_positions": [
    -0.46999940276145935,
    0.0944008082151413,
    -0.10689843446016312,
    0.00041972321923822165,
    1.105247139930725,
    0.448473185300827,
    0.8417423963546753,
    -0.002573927864432335,
    0.24289816617965698,
    0.09398434311151505,
    1.236220359802246,
    1.2844431400299072,
    0.4700000286102295,
    0.6854387521743774,
    0.6955868005752563,
    0.863891065120697
  ],
  "cube_pose_base_link_quat_xyzw": [
    0.06380924582481384,
    0.04143444821238518,
    0.018994390964508057,
    -0.2092638611793518,
    -0.3836400806903839,
    -0.7909995317459106,
    0.4281924366950989
  ]
}