{
  "allegro_joint_positions": [
    -0.19113220274448395,
    0.2894756495952606,
    0.8093807697296143,
    0.9904459714889526,
    1.2742552757263184,
    0.48299089074134827,
    0.7788124084472656,
    -0.00010705614113248885,
    0.13874585926532745,
    0.25271907448768616,
    0.9482528567314148,
    1.11235773563385,
    0.4699999988079071,
    0.8549671173095703,
    0.957241952419281,
    0.6764556765556335
  ],
  "cube_pose_base_link_quat_xyzw": [
    0.08691546320915222,
    0.045631781220436096,
    0.028676211833953857,
    0.2352515161037445,
    0.6673728227615356,
    0.5835679173469543,
    -0.39839524030685425
  ]
}