{
  "allegro_joint_positions": [
    -0.24020417034626007,
    0.25998687744140625,
    1.3135040998458862,
    1.1913957595825195,
    1.4013404846191406,
    0.8493969440460205,
    0.9412771463394165,
    0.0016269439365714788,
    0.15040084719657898,
    0.1392964869737625,
    1.449750304222107,
    1.1615219116210938,
    0.4622766375541687,
    0.5366004705429077,
    1.2147880792617798,
    0.867954432964325
  ],
  "cube_pose_base_link_quat_xyzw": [
    0.07626944780349731,
    0.024100957438349724,
    0.0023033618927001953,
    -0.5720747709274292,
    -0.25794923305511475,
    -0.7747042775154114,
    -0.07762708514928818
  ]
}