{
  "allegro_joint_positions": [
    -0.46708014607429504,
    0.10507587343454361,
    -0.10896718502044678,
    -0.00030339451041072607,
    1.3163745403289795,
    0.3648621141910553,
    0.8562048077583313,
    -0.00017398908676113933,
    0.18742914497852325,
    0.2502293586730957,
    0.6735581755638123,
    0.9078216552734375,
    0.4700000286102295,
    0.9407739043235779,
    -0.04539632424712181,
    0.5047035813331604
  ],
  "cube_pose_base_link_quat_xyzw": [
    0.08568835258483887,
    0.0235783401876688,
    0.03735387325286865,
    0.19784824550151825,
    0.636086642742157,
    0.47313979268074036,
    -0.5765316486358643
  ]
}