{
  "allegro_joint_positions": [
    -0.3031662404537201,
    0.4792240262031555,
    1.6497724056243896,
    0.8879317045211792,
    1.0665781497955322,
    0.8639750480651855,
    0.7228206992149353,
    0.0015658498741686344,
    0.0846254974603653,
    0.3781585693359375,
    1.5662771463394165,
    1.2644670009613037,
    0.4682333171367645,
    0.4560723304748535,
    1.7768563032150269,
    0.14093559980392456
  ],
  "cube_pose_base_link_quat_xyzw": [
    0.09399840235710144,
    -0.003259340999647975,
    -0.013063102960586548,
    -0.4479495584964752,
    0.10673577338457108,
    -0.8567976355552673,
    0.23204895853996277
  ]
}