{
  "allegro_joint_positions": [
    0.04941825196146965,
    0.2596980929374695,
    0.6088386178016663,
    0.827461838722229,
    1.0843604803085327,
    0.0502970814704895,
    0.8937150239944458,
    -0.0057305702939629555,
    0.4160440266132355,
    0.25910326838493347,
    0.8152450323104858,
    1.0722455978393555,
    0.40084126591682434,
    0.41251835227012634,
    -0.1085096001625061,
    0.004791520535945892
  ],
  "cube_pose_base_link_quat_xyzw": [
    0.0898716151714325,
    0.05706353113055229,
    0.043330371379852295,
    -0.4612922668457031,
    0.14498451352119446,
    -0.2970176041126251,
    0.8233890533447266
  ]
}