{
  "allegro_joint_positions": [
    0.1169142797589302,
    0.10872244834899902,
    1.285445213317871,
    1.280132532119751,
    1.401767373085022,
    0.5480788350105286,
    0.8021531701087952,
    0.0007585480925627053,
    0.43389973044395447,
    0.2786010801792145,
    0.8953333497047424,
    1.1885844469070435,
    0.36796045303344727,
    0.41920241713523865,
    -0.11759255826473236,
    -0.00020370131824165583
  ],
  "cube_pose_base_link_quat_xyzw": [
    0.08417055010795593,
    0.04388999566435814,
    0.016438961029052734,
    -0.24742066860198975,
    -0.8715591430664062,
    -0.18442489206790924,
    0.38099271059036255
  ]
}