{
  "allegro_joint_positions": [
    0.22641415894031525,
    0.20523285865783691,
    0.4661945104598999,
    1.3083157539367676,
    1.1466100215911865,
    0.05285632610321045,
    0.9593066573143005,
    0.00019298162078484893,
    0.2508770227432251,
    0.29970961809158325,
    -0.08691468089818954,
    -0.000693797308485955,
    0.40729305148124695,
    0.44726505875587463,
    -0.12608128786087036,
    -0.0013096281327307224
  ],
  "cube_pose_base_link_quat_xyzw": [
    0.06926560401916504,
    0.0734427273273468,
    0.041419923305511475,
    -0.509966254234314,
    -0.3660207986831665,
    -0.7370071411132812,
    0.2505667507648468
  ]
}