{
  "allegro_joint_positions": [
    -0.4699992835521698,
    0.03214001655578613,
    -0.10853341221809387,
    0.0001874640875030309,
    1.2486679553985596,
    0.585282027721405,
    0.764897346496582,
    -1.5525021808571182e-05,
    0.22661428153514862,
    0.2542755901813507,
    1.0558851957321167,
    1.1027401685714722,
    0.4700000286102295,
    0.6408528685569763,
    1.0038915872573853,
    0.5068046450614929
  ],
  "cube_pose_base_link_quat_xyzw": [
    0.06606614589691162,
    0.034991659224033356,
    0.00887194275856018,
    -0.36001408100128174,
    -0.405651330947876,
    -0.7810244560241699,
    0.30957677960395813
  ]
}