{
  "allegro_joint_positions": [
    -0.0007347424980252981,
    0.3974737226963043,
    -0.10981244593858719,
    -0.005345739424228668,
    1.332885980606079,
    0.4296395778656006,
    0.9863993525505066,
    -0.0010045078815892339,
    0.09150709956884384,
    0.06449978053569794,
    0.8730631470680237,
    0.8861950635910034,
    0.4700000584125519,
    0.5400035977363586,
    0.337961882352829,
    0.8426781892776489
  ],
  "cube_pose_base_link_quat_xyzw": [
    0.07015272974967957,
    0.008563135750591755,
    0.0368899405002594,
    0.4505959153175354,
    0.3533806800842285,
    0.579179584980011,
    0.5802038311958313
  ]
}