{
  "allegro_joint_positions": [
    -0.36548516154289246,
    0.2555636763572693,
    0.4806298315525055,
    0.9697944521903992,
    1.396730661392212,
    0.3729856610298157,
    1.0748273134231567,
    -0.0038522041868418455,
    0.22397613525390625,
    0.12482886761426926,
    0.18926872313022614,
    0.20667363703250885,
    0.4700000286102295,
    0.3736867904663086,
    0.441774845123291,
    0.8816224932670593
  ],
  "cube_pose_base_link_quat_xyzw": [
    0.06794580817222595,
    -0.0002647275396157056,
    0.044590383768081665,
    -0.5276565551757812,
    -0.27482104301452637,
    -0.5274584889411926,
    -0.6064978837966919
  ]
}