{
  "allegro_joint_positions": [
    -0.2629765570163727,
    0.16015192866325378,
    0.7455470561981201,
    1.0368638038635254,
    1.396859884262085,
    0.31688621640205383,
    0.9846555590629578,
    -0.0015216786414384842,
    0.2127782255411148,
    0.18128730356693268,
    0.5435776114463806,
    1.1137282848358154,
    0.4700000584125519,
    0.8194919228553772,
    0.4464470148086548,
    0.5758525729179382
  ],
  "cube_pose_base_link_quat_xyzw": [
    0.07666409015655518,
    0.0367574505507946,
    0.03897327184677124,
    -0.2469647228717804,
    0.483473539352417,
    0.02698409929871559,
    0.8393651247024536
  ]
}