{
  "allegro_joint_positions": [
    -0.08587126433849335,
    0.2829594910144806,
    0.38256922364234924,
    0.3852948844432831,
    1.3134113550186157,
    0.1779097467660904,
    0.721663773059845,
    0.001485756947658956,
    0.3698946237564087,
    0.27804046869277954,
    0.9555113315582275,
    1.043041706085205,
    0.44587498903274536,
    0.8572177886962891,
    0.40736305713653564,
    0.1545621007680893
  ],
  "cube_pose_base_link_quat_xyzw": [
    0.08172553777694702,
    0.035626862198114395,
    0.022978127002716064,
    -0.0644364058971405,
    0.5861015319824219,
    0.7801018953323364,
    0.20922276377677917
  ]
}