{
  "allegro_joint_positions": [
    -0.27123525738716125,
    0.29957208037376404,
    0.8796848654747009,
    1.0180484056472778,
    0.915526270866394,
    0.6955037713050842,
    0.7566515207290649,
    -0.0010925643146038055,
    0.056021928787231445,
    0.40572988986968994,
    1.0167611837387085,
    1.1762725114822388,
    0.46994009613990784,
    0.8421258330345154,
    1.3439620733261108,
    0.8408002257347107
  ],
  "cube_pose_base_link_quat_xyzw": [
    0.08346715569496155,
    0.04381762072443962,
    0.008385837078094482,
    -0.1867077350616455,
    0.5876138210296631,
    -0.45968520641326904,
    0.6391712427139282
  ]
}