{
  "allegro_joint_positions": [
    0.018344471231102943,
    0.13931217789649963,
    1.2424166202545166,
    1.010512351989746,
    1.2822513580322266,
    0.5815311074256897,
    1.056465744972229,
    0.0002377384516876191,
    0.19810150563716888,
    0.23650942742824554,
    1.0839728116989136,
    1.1835746765136719,
    0.46999990940093994,
    0.41562792658805847,
    0.8376407027244568,
    1.065575122833252
  ],
  "cube_pose_base_link_quat_xyzw": [
    0.06191381812095642,
    -0.02916065603494644,
    0.01606827974319458,
    -0.6609957814216614,
    0.30988121032714844,
    -0.5615048408508301,
    -0.3895775079727173
  ]
}