{
  "allegro_joint_positions": [
    0.02168739028275013,
    0.7592838406562805,
    0.20138238370418549,
    0.2221146523952484,
    1.328259825706482,
    0.5022777915000916,
    0.9101343750953674,
    -0.012912237085402012,
    0.2629835307598114,
    0.6554552912712097,
    0.12367233633995056,
    0.16047880053520203,
    0.47000008821487427,
    0.6607540249824524,
    0.8426377773284912,
    0.7553651928901672
  ],
  "cube_pose_base_link_quat_xyzw": [
    0.06793072819709778,
    -0.026000527665019035,
    0.004048824310302734,
    -0.7022947072982788,
    0.19795304536819458,
    -0.41919487714767456,
    -0.5402523279190063
  ]
}