{
  "allegro_joint_positions": [
    -0.005307923536747694,
    0.6496272087097168,
    -0.10865344852209091,
    -0.004259622190147638,
    1.38817298412323,
    0.506575345993042,
    0.8525639176368713,
    0.07272244244813919,
    0.40055397152900696,
    0.13208363950252533,
    1.0011913776397705,
    1.4289883375167847,
    0.47000011801719666,
    0.4226967692375183,
    0.6149598360061646,
    0.8524874448776245
  ],
  "cube_pose_base_link_quat_xyzw": [
    0.07369565963745117,
    0.007701179478317499,
    0.02651885151863098,
    -0.33983609080314636,
    0.5139979720115662,
    0.17346316576004028,
    0.7682631015777588
  ]
}