{
  "allegro_joint_positions": [
    -0.1514064371585846,
    0.518771231174469,
    1.3856226205825806,
    0.7194610834121704,
    0.9419479966163635,
    1.2147891521453857,
    0.5525307059288025,
    0.001080427085980773,
    0.18143445253372192,
    0.6729860305786133,
    1.3838741779327393,
    1.2321066856384277,
    0.4669239819049835,
    1.0530779361724854,
    0.9777532815933228,
    0.40318867564201355
  ],
  "cube_pose_base_link_quat_xyzw": [
    0.0993182361125946,
    0.04491034150123596,
    -0.013741284608840942,
    -0.5171295404434204,
    -0.08812116086483002,
    -0.7480449080467224,
    0.4064981937408447
  ]
}