{
  "allegro_joint_positions": [
    -0.426969051361084,
    0.3618680536746979,
    0.6776311993598938,
    0.666355311870575,
    1.3748061656951904,
    0.3389292061328888,
    1.092782974243164,
    -0.0004057742189615965,
    -0.0734054446220398,
    0.19682246446609497,
    -0.07892315089702606,
    -0.0007148051518015563,
    0.47000008821487427,
    0.5380871891975403,
    0.1618419736623764,
    0.6735145449638367
  ],
  "cube_pose_base_link_quat_xyzw": [
    0.0752955973148346,
    -0.010660565458238125,
    0.04530835151672363,
    -0.5500445365905762,
    -0.18236805498600006,
    -0.6694337725639343,
    -0.4648134112358093
  ]
}