{
  "allegro_joint_positions": [
    0.16537858545780182,
    0.23232401907444,
    1.3706532716751099,
    1.3202414512634277,
    1.21760094165802,
    0.8816223740577698,
    0.8528814315795898,
    0.03373999148607254,
    0.1649351865053177,
    0.20651094615459442,
    1.2592029571533203,
    1.1763904094696045,
    0.469428688287735,
    0.6187521815299988,
    1.0806547403335571,
    -0.16855165362358093
  ],
  "cube_pose_base_link_quat_xyzw": [
    0.06893962621688843,
    0.022519731894135475,
    0.002311021089553833,
    -0.33319950103759766,
    0.5035271644592285,
    0.1232956051826477,
    0.7875511050224304
  ]
}