{
  "allegro_joint_positions": [
    0.05750027671456337,
    0.0009807627648115158,
    1.3618698120117188,
    1.0183331966400146,
    0.9132500886917114,
    0.840716540813446,
    0.8531558513641357,
    -0.000735482492018491,
    0.46999698877334595,
    0.26055970788002014,
    1.3202219009399414,
    1.3306818008422852,
    0.4700000584125519,
    0.5074127316474915,
    -0.11010321974754333,
    0.00012059100845362991
  ],
  "cube_pose_base_link_quat_xyzw": [
    0.07270452380180359,
    0.055469658225774765,
    0.010995805263519287,
    -0.6240177154541016,
    -0.40280407667160034,
    -0.07083351910114288,
    0.6658331155776978
  ]
}