{
  "allegro_joint_positions": [
    -0.3518960177898407,
    0.3350030779838562,
    -0.12261614948511124,
    -0.0008721896447241306,
    1.2142107486724854,
    0.7288811206817627,
    0.8470690250396729,
    -0.0009986417135223746,
    0.14481711387634277,
    0.05253203585743904,
    1.369612216949463,
    1.3012700080871582,
    0.47000008821487427,
    0.42895716428756714,
    0.8558403253555298,
    0.9182454347610474
  ],
  "cube_pose_base_link_quat_xyzw": [
    0.08228248357772827,
    0.01936609111726284,
    0.022160977125167847,
    -0.43336647748947144,
    0.012470394372940063,
    -0.3720118999481201,
    0.8207590579986572
  ]
}