{
  "allegro_joint_positions": [
    -0.4358893632888794,
    0.3149941563606262,
    -0.12210962921380997,
    0.0027008012402802706,
    1.392954707145691,
    0.4421568512916565,
    0.9473789930343628,
    0.0007491737487725914,
    0.16731256246566772,
    0.07393770664930344,
    0.9097799062728882,
    1.2515748739242554,
    0.4700000286102295,
    0.47684580087661743,
    0.43426916003227234,
    0.7557036280632019
  ],
  "cube_pose_base_link_quat_xyzw": [
    0.08014509081840515,
    0.014639722183346748,
    0.03793460130691528,
    -0.3179197907447815,
    -0.6361556053161621,
    -0.6051412224769592,
    0.35782283544540405
  ]
}