{
  "allegro_joint_positions": [
    -0.42464709281921387,
    0.04410714656114578,
    -0.10718999803066254,
    -0.0015655560418963432,
    1.272857427597046,
    0.720335066318512,
    0.9310064911842346,
    0.0004186110745649785,
    -0.44585326313972473,
    -0.07375597208738327,
    -0.07532720267772675,
    -0.002200695686042309,
    0.4700000584125519,
    0.7400754690170288,
    0.7561494708061218,
    0.6703705787658691
  ],
  "cube_pose_base_link_quat_xyzw": [
    0.06214570999145508,
    -0.01954951509833336,
    0.004878222942352295,
    -0.7096483707427979,
    -0.3361201584339142,
    -0.5863894820213318,
    0.1989223062992096
  ]
}