{
  "allegro_joint_positions": [
    -0.22739319503307343,
    0.3054124414920807,
    0.4231885075569153,
    1.0682649612426758,
    1.3976707458496094,
    0.2944880425930023,
    1.052200436592102,
    -0.0010053206933662295,
    0.10500036925077438,
    0.18695738911628723,
    0.47003981471061707,
    1.1321942806243896,
    0.47000008821487427,
    0.5156806111335754,
    0.5445390343666077,
    0.6633415222167969
  ],
  "cube_pose_base_link_quat_xyzw": [
    0.07240620255470276,
    0.025948496535420418,
    0.045142024755477905,
    0.5777143239974976,
    0.14903736114501953,
    0.8014787435531616,
    0.04081771895289421
  ]
}