{
  "allegro_joint_positions": [
    0.41063934564590454,
    -0.1610618382692337,
    -0.10247542709112167,
    0.004610300995409489,
    1.2882351875305176,
    0.08731022477149963,
    0.9834740161895752,
    0.00013005750952288508,
    0.3984365463256836,
    0.2318463772535324,
    0.5944993495941162,
    1.128642201423645,
    0.162788987159729,
    0.3932361602783203,
    -0.12899990379810333,
    0.0012592878192663193
  ],
  "cube_pose_base_link_quat_xyzw": [
    0.06807756423950195,
    0.03673775866627693,
    0.043017417192459106,
    -0.45755529403686523,
    -0.3068394660949707,
    -0.7512115240097046,
    0.3635573983192444
  ]
}