{
  "allegro_joint_positions": [
    -0.29065412282943726,
    0.1666872650384903,
    -0.11631906777620316,
    0.0016277587274089456,
    1.3291244506835938,
    0.5300068259239197,
    0.7576059699058533,
    0.004804154392331839,
    0.21206660568714142,
    0.15814682841300964,
    1.1715399026870728,
    1.1615338325500488,
    0.4700000584125519,
    0.4968876838684082,
    0.7397301197052002,
    0.7991970181465149
  ],
  "cube_pose_base_link_quat_xyzw": [
    0.07986089587211609,
    0.005878060590475798,
    0.015695035457611084,
    -0.44457489252090454,
    -0.21025516092777252,
    -0.8520834445953369,
    0.1791638731956482
  ]
}