{
  "allegro_joint_positions": [
    -0.380359023809433,
    0.310943603515625,
    0.38216331601142883,
    0.7566385269165039,
    1.369566798210144,
    0.34531015157699585,
    1.0572741031646729,
    0.00029686244670301676,
    0.14950105547904968,
    0.0464620515704155,
    0.6056410074234009,
    0.5159154534339905,
    0.47000008821487427,
    0.643269956111908,
    0.8956650495529175,
    0.8435874581336975
  ],
  "cube_pose_base_link_quat_xyzw": [
    0.07187017798423767,
    0.039061788469552994,
    0.04314383864402771,
    0.557043731212616,
    0.08635412156581879,
    0.8254837989807129,
    0.028666142374277115
  ]
}