{
  "allegro_joint_positions": [
    -0.34235358238220215,
    0.12301614135503769,
    1.271303415298462,
    1.2248741388320923,
    1.1857492923736572,
    0.8128312826156616,
    0.8748611807823181,
    -0.0005722153000533581,
    0.09415563195943832,
    0.13757827877998352,
    0.8652492165565491,
    1.416509747505188,
    0.47000038623809814,
    0.32351282238960266,
    1.185866355895996,
    1.0090057849884033
  ],
  "cube_pose_base_link_quat_xyzw": [
    0.07309511303901672,
    0.006293608341366053,
    0.007754117250442505,
    -0.4324181079864502,
    -0.1857246458530426,
    -0.8653293251991272,
    0.17241303622722626
  ]
}