{
  "allegro_joint_positions": [
    0.30644193291664124,
    0.30051952600479126,
    0.6339440941810608,
    0.8975414633750916,
    0.9091029167175293,
    0.14068764448165894,
    0.8597158789634705,
    -0.0015428938204422593,
    0.412247896194458,
    0.07909416407346725,
    -0.11343622952699661,
    -0.03395407274365425,
    0.41750797629356384,
    0.03924611210823059,
    0.025704970583319664,
    0.13105201721191406
  ],
  "cube_pose_base_link_quat_xyzw": [
    0.05244562029838562,
    0.09478510171175003,
    0.034123897552490234,
    -0.1561065912246704,
    -0.704215943813324,
    -0.3094033896923065,
    0.6196613907814026
  ]
}