{
  "allegro_joint_positions": [
    0.32653284072875977,
    -0.1825045347213745,
    -0.09831351041793823,
    0.002556046238169074,
    1.3143608570098877,
    0.38646015524864197,
    1.1198878288269043,
    -0.003540376201272011,
    0.021357432007789612,
    0.05077517405152321,
    0.8229032754898071,
    0.8291304111480713,
    0.4403015375137329,
    0.3885031044483185,
    0.5020020604133606,
    0.7048985958099365
  ],
  "cube_pose_base_link_quat_xyzw": [
    0.06111350655555725,
    0.005555540788918734,
    0.04418987035751343,
    0.5638938546180725,
    0.05291907116770744,
    0.810928463935852,
    -0.1470320075750351
  ]
}