{
  "allegro_joint_positions": [
    -0.11417894065380096,
    0.32317036390304565,
    -0.11848682910203934,
    -0.00010442937491461635,
    1.159965991973877,
    0.8390246629714966,
    0.8250998854637146,
    -0.0005464600981213152,
    0.17551349103450775,
    0.18322992324829102,
    1.1693909168243408,
    1.2688040733337402,
    0.47000014781951904,
    0.44276347756385803,
    1.0238988399505615,
    1.051603078842163
  ],
  "cube_pose_base_link_quat_xyzw": [
    0.08826503157615662,
    0.018110575154423714,
    0.01890435814857483,
    -0.4459354281425476,
    0.19214724004268646,
    -0.8677297830581665,
    0.10614290833473206
  ]
}